

mysql> select FirstName, LastName, City, State
    	from Person
    	left join Address
    	on Person.PersonId=Address.PersonId;

+-----------+----------+---------+--------+
| FirstName | LastName | City    | State  |
+-----------+----------+---------+--------+
| Rahul     | sharma   | hyd     | Kerela |
| raj       | pandey   | kol     | WB     |
| Deb       | Sarkar   | Chennai | TN     |
+-----------+----------+---------+--------+



-------------------------------------------------------------------------Explanation----------------------------------------------------------


create table person(personId int primary key, lastName varchar(10), firstName varchar(10));


mysql> desc person;
+-----------+-------------+------+-----+---------+-------+
| Field     | Type        | Null | Key | Default | Extra |
+-----------+-------------+------+-----+---------+-------+
| personId  | int         | NO   | PRI | NULL    |       |
| lastName  | varchar(10) | YES  |     | NULL    |       |
| firstName | varchar(10) | YES  |     | NULL    |       |
+-----------+-------------+------+-----+---------+-------+
3 rows in set (0.01 sec)

mysql> insert into person values(001,'sharma', 'Rahul' );
Query OK, 1 row affected (0.01 sec)

mysql> insert into person values(002,'pandey', 'raj' );
Query OK, 1 row affected (0.01 sec)


mysql> select * from person;
+----------+----------+-----------+
| personId | lastName | firstName |
+----------+----------+-----------+
|        1 | sharma   | Rahul     |
|        2 | pandey   | raj       |
|        3 | Sarkar   | Deb       |
+----------+----------+-----------+
3 rows in set (0.00 sec)


create table address(addressid int primary key, personid int, city varchar(10), state varchar(10));
Query OK, 0 rows affected (0.04 sec)

mysql> insert into address values(001, 001, 'hyd','Kerela');
Query OK, 1 row affected (0.01 sec)

mysql> insert into address values(002, 002, 'kol','WB');
Query OK, 1 row affected (0.01 sec)

mysql> insert into address values(003, 003, 'Chennai','TN');
Query OK, 1 row affected (0.01 sec)

mysql> select * from address;
+-----------+----------+---------+--------+
| addressid | personid | city    | state  |
+-----------+----------+---------+--------+
|         1 |        1 | hyd     | Kerela |
|         2 |        2 | kol     | WB     |
|         3 |        3 | Chennai | TN     |
+-----------+----------+---------+--------+
3 rows in set (0.00 sec)

mysql> select FirstName, LastName, City, State
    -> from Person
    -> left join Address
    -> on Person.PersonId=Address.PersonId;
+-----------+----------+---------+--------+
| FirstName | LastName | City    | State  |
+-----------+----------+---------+--------+
| Rahul     | sharma   | hyd     | Kerela |
| raj       | pandey   | kol     | WB     |
| Deb       | Sarkar   | Chennai | TN     |
+-----------+----------+---------+--------+
3 rows in set (0.01 sec)

mysql>

